title,Video_url,thumbnail_url,channel_name,discription
Minecraft Speedrunner VS 5 Hunters FINALE REMATCH,https://www.youtube.com/watch?v=_0MXhG1shEc,https://i.ytimg.com/vi/_0MXhG1shEc/hqdefault.jpg?sqp=-oaymwEcCPYBEIoBSFXyq4qpAw4IARUAAIhCGAFwAcABBg==&rs=AOn4CLAo2EhxSkvya0xLAXstem-O6sA72Q,Dream,Minecraft Speedrunner VS 5 Hunters FINALE REMATCH. You asked for it. This was absolutely insane. https://cash.app/13+ use code DreamYT for $15 free Follow my socials: ‚ûΩ Twitter - @dream...
Dream - Minecraft Manhunt Extra Scenes (5 Hunters Rematch Finale),https://www.youtube.com/watch?v=Dn6u3SdgGKI,https://i.ytimg.com/vi/Dn6u3SdgGKI/hqdefault.jpg?sqp=-oaymwEcCPYBEIoBSFXyq4qpAw4IARUAAIhCGAFwAcABBg==&rs=AOn4CLDrRDwbm3eE6-iCG9D7VT6Z8QXgKQ,DreamXD,"This is extra scenes from Dream's channel of the ""Minecraft Speedrunner VS 5 Hunters Rematch Finale"" video. Sponsored by cashapp, download today https://cash.app/13+ and use code ""DreamYT""..."
Hipster at a Country Restaurant,https://www.youtube.com/watch?v=wBgOdpKkhts,https://i.ytimg.com/vi/wBgOdpKkhts/hqdefault.jpg?sqp=-oaymwEcCPYBEIoBSFXyq4qpAw4IARUAAIhCGAFwAcABBg==&rs=AOn4CLD-y2qib6yHdKbv8K1MptvqhypfwQ,Drew Talbert,"The tables have turned. Luckily, this Southern country cookin restaurant has someone who speaks Hipster. Co-write w/ Andrea Kelley #serverlife #redneck #hipster #southern #country #losangeles..."
"Billie Eilish: Same Interview, The Fifth Year | Vanity Fair",https://www.youtube.com/watch?v=_wNsZEqpKUA,,Vanity Fair,"""I'm so much more open to stuff now."" On the verge of 100 million followers, Billie Eilish is ready to step back into the world as the most comfortable version of herself. Filled with new life..."
I Made a Mistake...or Two,https://www.youtube.com/watch?v=fVO5VeUbNrA,,Jay & Sharon,"I fell from a ladder and then this happened. It was crazy. I am still alive but I have a message I want to share with all the fellas. Ladies, feel free to share this with all your guy friends...."
The Guy Who Figured Out How Snowflakes Work,https://www.youtube.com/watch?v=ao2Jfm35XeE,,Veritasium,"Dr Ken Libbrecht is the world expert on snowflakes, designer of custom snowflakes, snowflake consultant for the movie Frozen - his photos appear on postage stamps all over the world. This video..."
My Neighbor Can NEVER Stop Braggingüò© (Ring Doorbell TikTok),https://www.youtube.com/watch?v=f0tZYHUimV0,,Jakesterguy,
YouTube is Changing - Smarter Every Day 266,https://www.youtube.com/watch?v=ZVaUoyabjAg,,SmarterEveryDay,Go to https://buyraycon.com/smarter for 15% off your order! Brought to you by Raycon Checkout the Notre Dame video on the Sound Traveler: https://www.youtube.com/watch?v=ukyk4ZC59Ek Ben Markey's...
Redneck vs Fancy Whiskey Glass,https://www.youtube.com/watch?v=2jfbXZiE6Lc,,Drew Talbert,I‚Äôm just shocked Brad was able to sell him in that $20 hooch Co-write w/ Andrea Kelley
'Tis The Season To Be Jolly (Clash of Clans Season Challenges),https://www.youtube.com/watch?v=x8UdkJ4ktOU,,Clash of Clans,"It's beginning to look a lot like Clashmas... üéÑüéÖüéÅ December Season Challenges are here, Chiefs! Enjoy some great perks and rewards, and unlock the Jolly Warden with this month's Gold..."
